rank,college_name,early_careerr,mid_career
1,SUNY - Maritime College,"$69,700.00","$144,000.00"
2,Massachusetts Institute of Technology (MIT),"$78,300.00","$134,000.00"
3 (tie),Harvey Mudd College,"$78,500.00","$131,000.00"
3 (tie),Princeton University,"$65,700.00","$131,000.00"
5,Stanford University,"$70,800.00","$127,000.00"
6,United States Military Academy (USMA) at West Point *,"$76,000.00","$126,000.00"
7,United States Naval Academy (USNA) at Annapolis *,"$72,900.00","$125,000.00"
8 (tie),United States Air Force Academy (USAFA) *,"$68,800.00","$124,000.00"
8 (tie),University of Pennsylvania,"$62,200.00","$124,000.00"
10,Harvard University,"$65,200.00","$123,000.00"
11,Babson College,"$59,500.00","$122,000.00"
12,Santa Clara University,"$61,900.00","$121,000.00"
13 (tie),Bates College,"$47,000.00","$119,000.00"
13 (tie),Carnegie Mellon University (CMU),"$69,400.00","$119,000.00"
13 (tie),Dartmouth College,"$60,800.00","$119,000.00"
13 (tie),Duke University,"$61,300.00","$119,000.00"
17 (tie),"Clarkson University - Potsdam, NY","$61,700.00","$117,000.00"
17 (tie),Occidental College,"$49,200.00","$117,000.00"
17 (tie),Stevens Institute of Technology,"$65,600.00","$117,000.00"
20,Brown University,"$58,600.00","$116,000.00"
21,University of Chicago,"$53,000.00","$115,000.00"
22 (tie),Colorado School of Mines,"$65,200.00","$114,000.00"
22 (tie),Georgetown University - Washington D.C.,"$55,400.00","$114,000.00"
24 (tie),Colgate University,"$56,500.00","$113,000.00"
24 (tie),Rice University,"$62,300.00","$113,000.00"
26 (tie),Georgia Institute of Technology,"$65,300.00","$112,000.00"
26 (tie),Lehigh University,"$62,900.00","$112,000.00"
26 (tie),University of California - Berkeley,"$60,500.00","$112,000.00"
26 (tie),Worcester Polytechnic Institute (WPI),"$65,300.00","$112,000.00"
30 (tie),Reed College,"$44,800.00","$111,000.00"
30 (tie),Washington and Lee University,"$54,500.00","$111,000.00"
32 (tie),Cooper Union for The Advancement of Science and Art,"$65,700.00","$110,000.00"
32 (tie),Rensselaer Polytechnic Institute (RPI),"$64,400.00","$110,000.00"
34 (tie),Columbia University,"$64,000.00","$109,000.00"
34 (tie),"Cornell University - Ithaca, NY","$63,200.00","$109,000.00"
36 (tie),Bucknell University,"$58,500.00","$108,000.00"
36 (tie),Rose-Hulman Institute of Technology (RHIT),"$67,500.00","$108,000.00"
36 (tie),University of California - San Diego (UCSD),"$54,400.00","$108,000.00"
36 (tie),Virginia Military Institute (VMI) *,"$54,100.00","$108,000.00"
40,Lafayette College,"$55,900.00","$107,000.00"
41 (tie),Saint Mary's College of California,"$50,000.00","$106,000.00"
41 (tie),Tufts University,"$56,700.00","$106,000.00"
43 (tie),Illinois Institute of Technology (IIT),"$59,900.00","$105,000.00"
43 (tie),Kettering University,"$66,300.00","$105,000.00"
45 (tie),Manhattan College,"$58,500.00","$104,000.00"
45 (tie),University of Notre Dame,"$61,200.00","$104,000.00"
47 (tie),Oberlin College,"$44,900.00","$103,000.00"
47 (tie),Washington University in St. Louis,"$56,700.00","$103,000.00"
49 (tie),California Polytechnic State University (CalPoly) - San Luis Obispo,"$59,300.00","$102,000.00"
49 (tie),"Loyola University - Baltimore, MD","$51,800.00","$102,000.00"
49 (tie),Michigan Technological University,"$63,000.00","$102,000.00"
49 (tie),Northwestern University,"$56,800.00","$102,000.00"
49 (tie),University of Illinois at Urbana-Champaign (UIUC),"$58,100.00","$102,000.00"
49 (tie),Yale University,"$60,800.00","$102,000.00"
55 (tie),Franklin and Marshall College,"$45,600.00","$101,000.00"
55 (tie),Missouri University of Science and Technology (S&T),"$63,400.00","$101,000.00"
55 (tie),South Dakota School of Mines & Technology,"$63,300.00","$101,000.00"
55 (tie),University of California - Santa Barbara (UCSB),"$50,400.00","$101,000.00"
55 (tie),Villanova University,"$58,600.00","$101,000.00"
60 (tie),Massachusetts Maritime Academy,"$58,900.00","$100,000.00"
60 (tie),New Jersey Institute of Technology (NJIT),"$57,100.00","$100,000.00"
60 (tie),New York University (NYU),"$55,700.00","$100,000.00"
60 (tie),University of Southern California (USC),"$56,100.00","$100,000.00"
64,Texas A&M University - Main Campus,"$54,400.00","$99,700.00"
65,University of San Francisco (USF),"$51,100.00","$99,500.00"
66,Trinity University,"$44,900.00","$99,400.00"
67 (tie),Boston College,"$56,800.00","$98,900.00"
67 (tie),University of Michigan - Ann Arbor,"$60,600.00","$98,900.00"
69 (tie),Carleton College,"$46,900.00","$98,800.00"
69 (tie),Wake Forest University,"$49,300.00","$98,800.00"
71,Vanderbilt University,"$57,900.00","$98,700.00"
72,University of California - Davis (UC Davis),"$51,800.00","$98,400.00"
73,University of California - Los Angeles (UCLA),"$53,100.00","$98,100.00"
74,Westmont College,"$45,700.00","$98,000.00"
75,San Jose State University (SJSU),"$56,800.00","$97,700.00"
76,University of Virginia (UVA) - Main Campus,"$57,300.00","$97,100.00"
77,"Wheaton College - Wheaton, IL","$43,300.00","$96,900.00"
78,Wentworth Institute of Technology,"$56,900.00","$96,800.00"
79,University of Texas (UT) - Austin,"$53,400.00","$96,400.00"
80 (tie),Bryant University,"$51,600.00","$96,200.00"
80 (tie),"Hamilton College - Clinton, NY","$54,600.00","$96,200.00"
82,Virginia Polytechnic Institute and State University (Virginia Tech),"$56,500.00","$96,100.00"
83,Providence College,"$50,600.00","$96,000.00"
84,"Pace University - New York, NY","$51,300.00","$95,800.00"
85,American University - Washington D.C.,"$46,100.00","$95,700.00"
86 (tie),"Embry-Riddle Aeronautical University (ERAU) - Prescott, AZ","$59,700.00","$95,500.00"
86 (tie),Florida Institute of Technology (Florida Tech),"$56,700.00","$95,500.00"
88 (tie),DePauw University,"$47,900.00","$95,100.00"
88 (tie),Fordham University,"$50,500.00","$95,100.00"
88 (tie),"Wesleyan University - Middletown, CT","$50,000.00","$95,100.00"
91,Wittenberg University,"$44,500.00","$94,900.00"
92,Johns Hopkins University,"$61,500.00","$94,600.00"
93 (tie),Brandeis University,"$47,100.00","$94,400.00"
93 (tie),Ohio Northern University (ONU),"$50,700.00","$94,400.00"
93 (tie),University of Rochester,"$55,400.00","$94,400.00"
96 (tie),Stony Brook University,"$50,100.00","$94,300.00"
96 (tie),University of Colorado - Boulder (CU),"$50,800.00","$94,300.00"
98 (tie),Purdue University - Main Campus,"$57,400.00","$94,200.00"
98 (tie),University of Washington (UW) - Main Campus,"$55,100.00","$94,200.00"
100,"Embry-Riddle Aeronautical University (ERAU) - Daytona Beach, FL","$61,300.00","$94,100.00"
101,University of Alabama - Huntsville Campus,"$55,500.00","$94,000.00"
102,University of California - Irvine (UCI),"$51,900.00","$93,900.00"
103,Bentley University,"$57,100.00","$93,800.00"
104,Hofstra University,"$49,000.00","$93,700.00"
105,"Saint John's University (SJU) - Collegeville, MN","$46,900.00","$93,600.00"
106,Brigham Young University (BYU),"$52,300.00","$93,500.00"
107,University of Massachusetts (UMass) - Lowell Campus,"$54,100.00","$93,400.00"
108,California State University - Chico,"$49,800.00","$93,300.00"
109,"Miami University - Oxford, OH","$50,500.00","$93,200.00"
110,"Fashion Institute of Technology - New York, NY","$46,400.00","$93,100.00"
111 (tie),Drexel University,"$57,700.00","$92,900.00"
111 (tie),Hobart William Smith Colleges,"$48,600.00","$92,900.00"
111 (tie),Loyola Marymount University,"$50,300.00","$92,900.00"
114 (tie),Gettysburg College,"$46,400.00","$92,700.00"
114 (tie),SUNY - Binghamton University,"$50,400.00","$92,700.00"
114 (tie),University of Portland,"$52,500.00","$92,700.00"
117,Case Western Reserve University,"$58,600.00","$92,600.00"
118,Whittier College,"$39,800.00","$92,500.00"
119 (tie),"Union College - Schenectady, NY","$54,400.00","$92,200.00"
119 (tie),University of Maryland - College Park,"$55,200.00","$92,200.00"
121,Milwaukee School of Engineering,"$63,500.00","$92,000.00"
122,Lawrence Technological University,"$53,200.00","$91,800.00"
123,Saint Anselm College,"$49,000.00","$91,600.00"
124,University of Puget Sound,"$46,500.00","$91,400.00"
125,Rutgers University - New Brunswick Campus,"$51,300.00","$91,300.00"
126,Seattle Pacific University (SPU),"$47,200.00","$91,200.00"
127,Wagner College,"$48,300.00","$91,100.00"
128,John Carroll University,"$44,600.00","$91,000.00"
129,Grove City College,"$47,800.00","$90,900.00"
130,Fairfield University,"$56,300.00","$90,800.00"
131 (tie),California State University - East Bay (CSUEB),"$49,700.00","$90,600.00"
131 (tie),"Seton Hall University - South Orange, NJ","$50,800.00","$90,600.00"
133,College of the Holy Cross,"$49,800.00","$90,500.00"
134,West Virginia University Institute of Technology (WVU Tech),"$53,300.00","$90,300.00"
135,University of Dayton,"$52,700.00","$90,200.00"
136 (tie),The College of William and Mary,"$49,100.00","$89,900.00"
136 (tie),University of Delaware,"$51,500.00","$89,900.00"
138 (tie),Stonehill College,"$47,400.00","$89,800.00"
138 (tie),"University of Maryland, Baltimore County (UMBC)","$51,200.00","$89,800.00"
140 (tie),Boston University,"$51,800.00","$89,700.00"
140 (tie),University of Houston Clear Lake (UHCL),"$46,600.00","$89,700.00"
140 (tie),University of Vermont (UVM),"$45,800.00","$89,700.00"
143 (tie),Rochester Institute of Technology (RIT),"$57,400.00","$89,600.00"
143 (tie),University of the Pacific,"$50,900.00","$89,600.00"
145,Colby College,"$49,300.00","$89,500.00"
146 (tie),Seattle University,"$52,000.00","$89,400.00"
146 (tie),Texas Tech University,"$51,600.00","$89,400.00"
148,Marquette University,"$52,200.00","$89,300.00"
149 (tie),Bradley University,"$50,600.00","$89,200.00"
149 (tie),University of Utah,"$49,400.00","$89,200.00"
151 (tie),Northeastern University,"$57,800.00","$89,100.00"
151 (tie),Southern Methodist University (SMU),"$53,900.00","$89,100.00"
151 (tie),Washington State University (WSU),"$50,400.00","$89,100.00"
154,University of Alaska - Fairbanks Campus,"$54,100.00","$88,900.00"
155 (tie),Furman University,"$45,100.00","$88,800.00"
155 (tie),Ithaca College,"$43,600.00","$88,800.00"
157 (tie),Kenyon College,"$45,700.00","$88,700.00"
157 (tie),University of Connecticut (UConn) - Main Campus,"$53,300.00","$88,700.00"
159 (tie),California State Polytechnic University - Pomona,"$51,000.00","$88,600.00"
159 (tie),Montana Tech of The University of Montana,"$58,300.00","$88,600.00"
161 (tie),Pepperdine University,"$48,600.00","$88,400.00"
161 (tie),University of Hartford,"$49,100.00","$88,400.00"
163 (tie),George Mason University,"$52,100.00","$88,300.00"
163 (tie),"La Salle University - Philadelphia, PA","$48,200.00","$88,300.00"
163 (tie),North Carolina State University (NCSU),"$52,400.00","$88,300.00"
166,George Washington University (GWU),"$49,500.00","$88,200.00"
167 (tie),California State University - Stanislaus,"$45,300.00","$88,100.00"
167 (tie),University of California - Riverside (UCR),"$46,400.00","$88,100.00"
169 (tie),Auburn University,"$48,700.00","$88,000.00"
169 (tie),Emory University,"$53,800.00","$88,000.00"
169 (tie),Louisiana Tech University,"$46,900.00","$88,000.00"
172 (tie),Pennsylvania State University (Penn State) - Main Campus,"$54,300.00","$87,800.00"
172 (tie),Tulane University,"$45,600.00","$87,800.00"
172 (tie),Ursinus College,"$44,500.00","$87,800.00"
175,New Mexico Institute of Mining and Technology (New Mexico Tech),"$62,400.00","$87,700.00"
176 (tie),CUNY - College of Staten Island,"$45,300.00","$87,600.00"
176 (tie),Oregon State University (OSU) - Main Campus,"$50,300.00","$87,600.00"
176 (tie),Rutgers University - Camden Campus,"$45,000.00","$87,600.00"
176 (tie),Southern Polytechnic State University,"$53,700.00","$87,600.00"
176 (tie),University of Rhode Island (URI),"$48,900.00","$87,600.00"
181 (tie),California College of the Arts,"$48,600.00","$87,500.00"
181 (tie),"Clark University - Worcester, MA","$42,800.00","$87,500.00"
181 (tie),Rhodes College,"$44,200.00","$87,500.00"
181 (tie),University of Washington - Tacoma Campus,"$50,300.00","$87,500.00"
185 (tie),Pratt Institute,"$48,300.00","$87,400.00"
185 (tie),"St. John's University - Queens, NY","$48,500.00","$87,400.00"
187,Clemson University,"$54,100.00","$87,300.00"
188,"Wofford College - Spartanburg, SC","$44,900.00","$87,200.00"
189 (tie),Coleman University,"$57,100.00","$87,100.00"
189 (tie),Norwich University,"$46,800.00","$87,100.00"
189 (tie),The Citadel - Military College of South Carolina *,"$53,400.00","$87,100.00"
189 (tie),University of Arizona,"$50,500.00","$87,100.00"
193 (tie),California Lutheran University (CLU),"$42,500.00","$87,000.00"
193 (tie),Oregon Institute of Technology (OIT),"$59,500.00","$87,000.00"
195 (tie),University of Michigan - Dearborn Campus,"$49,400.00","$86,900.00"
195 (tie),University of Minnesota - Twin Cities,"$51,700.00","$86,900.00"
197 (tie),University of Tulsa,"$56,100.00","$86,800.00"
197 (tie),University of Wisconsin (UW) - Madison,"$50,800.00","$86,800.00"
199 (tie),Long Island University - C W Post Campus,"$46,700.00","$86,700.00"
199 (tie),SUNY - Geneseo,"$43,300.00","$86,700.00"
199 (tie),University of Washington - Bothell Campus,"$51,800.00","$86,700.00"
202,James Madison University (JMU),"$49,500.00","$86,600.00"
203,Gustavus Adolphus College,"$45,100.00","$86,500.00"
204 (tie),Saint Peters College,"$46,300.00","$86,400.00"
204 (tie),University of Massachusetts (UMass) - Dartmouth Campus,"$50,300.00","$86,400.00"
204 (tie),University of Pittsburgh - Main Campus,"$53,300.00","$86,400.00"
207,University of Houston (UH),"$51,800.00","$86,300.00"
208,University of Redlands,"$47,400.00","$86,100.00"
209,Syracuse University,"$51,900.00","$86,000.00"
210,Farmingdale State College,"$49,200.00","$85,900.00"
211,Whitman College,"$44,000.00","$85,800.00"
212,New York Institute of Technology (NYIT),"$53,200.00","$85,600.00"
213 (tie),Long Island University - Brooklyn,"$55,200.00","$85,500.00"
213 (tie),Montana State University - Main Campus,"$48,400.00","$85,500.00"
213 (tie),University of Colorado - Denver Campus,"$50,000.00","$85,500.00"
213 (tie),University of Idaho,"$48,300.00","$85,500.00"
217 (tie),Drake University,"$45,100.00","$85,400.00"
217 (tie),University of Illinois at Chicago,"$51,500.00","$85,400.00"
219,University of California - Santa Cruz (UCSC),"$49,900.00","$85,300.00"
220 (tie),Gonzaga University,"$51,700.00","$85,200.00"
220 (tie),Michigan State University (MSU),"$49,800.00","$85,200.00"
220 (tie),Middlebury College,"$49,200.00","$85,200.00"
223 (tie),Colorado College (CC),"$42,700.00","$85,100.00"
223 (tie),Rockhurst University,"$46,800.00","$85,100.00"
223 (tie),University of Florida (UF),"$49,500.00","$85,100.00"
223 (tie),University of North Carolina at Chapel Hill (UNC),"$46,600.00","$85,100.00"
227,SUNY - Albany,"$44,800.00","$84,900.00"
228 (tie),CUNY - Bernard M Baruch College,"$51,700.00","$84,500.00"
228 (tie),"Mount St. Mary's College - Los Angeles, CA","$44,000.00","$84,500.00"
228 (tie),The New School,"$47,700.00","$84,500.00"
231 (tie),California State University - Sacramento (CSUS),"$46,800.00","$84,300.00"
231 (tie),Walla Walla University,"$51,000.00","$84,300.00"
233 (tie),CUNY - Queens College,"$45,700.00","$84,200.00"
233 (tie),California State University - Long Beach (CSULB),"$45,300.00","$84,200.00"
233 (tie),Grinnell College,"$41,100.00","$84,200.00"
233 (tie),Macalester College,"$44,700.00","$84,200.00"
233 (tie),University of Oklahoma,"$49,300.00","$84,200.00"
238 (tie),DePaul University,"$50,200.00","$84,000.00"
238 (tie),New England Institute of Technology,"$44,500.00","$84,000.00"
238 (tie),University of Massachusetts (UMass) - Amherst Campus,"$50,000.00","$84,000.00"
238 (tie),University of Missouri - Columbia,"$44,200.00","$84,000.00"
242 (tie),"Fairleigh Dickinson University (FDU) - Madison, NJ","$46,200.00","$83,900.00"
242 (tie),Sonoma State University,"$46,100.00","$83,900.00"
242 (tie),"St. Mary's University - San Antonio, TX","$44,400.00","$83,900.00"
242 (tie),University of Denver,"$47,800.00","$83,900.00"
242 (tie),University of Georgia (UGA),"$47,300.00","$83,900.00"
242 (tie),Wellesley College,"$51,000.00","$83,900.00"
248,Centre College of Kentucky,"$41,100.00","$83,600.00"
249,California State University - Northridge (CSUN),"$44,900.00","$83,500.00"
250 (tie),Lewis & Clark College,"$44,000.00","$83,200.00"
250 (tie),"North Central College - Naperville, IL","$43,800.00","$83,200.00"
250 (tie),San Diego State University (SDSU) - Main Campus,"$49,700.00","$83,200.00"
250 (tie),University of Maryland University College (UMUC),"$50,600.00","$83,200.00"
250 (tie),"University of St. Thomas - St Paul, MN","$49,100.00","$83,200.00"
255 (tie),Iona College,"$49,900.00","$83,100.00"
255 (tie),Pennsylvania State University (Penn State) - Erie-Behrend College,"$55,400.00","$83,100.00"
255 (tie),University of Evansville,"$46,200.00","$83,100.00"
258,University of Texas at Arlington (UTA),"$51,800.00","$83,000.00"
259 (tie),Baylor University,"$49,700.00","$82,900.00"
259 (tie),Butler University,"$44,600.00","$82,900.00"
259 (tie),Howard University,"$50,000.00","$82,900.00"
259 (tie),University of Kentucky (UK),"$46,100.00","$82,900.00"
259 (tie),University of New Hampshire (UNH) - Main Campus,"$49,000.00","$82,900.00"
259 (tie),University of New Mexico (UNM),"$40,700.00","$82,900.00"
265 (tie),Arcadia University,"$36,900.00","$82,800.00"
265 (tie),Louisiana State University (LSU),"$47,000.00","$82,800.00"
265 (tie),Oklahoma State University (OSU) - Main Campus,"$46,500.00","$82,800.00"
265 (tie),San Francisco State University (SFSU),"$49,500.00","$82,800.00"
269 (tie),Montclair State University,"$44,200.00","$82,700.00"
269 (tie),University of Texas - Medical Branch (UTMB),"$58,400.00","$82,700.00"
269 (tie),Widener University - Main Campus,"$49,700.00","$82,700.00"
272 (tie),Colorado State University (CSU),"$46,800.00","$82,600.00"
272 (tie),"Fairleigh Dickinson University (FDU) - Teaneck, NJ","$46,800.00","$82,600.00"
272 (tie),Pennsylvania State University (Penn State) - Harrisburg Campus,"$52,100.00","$82,600.00"
272 (tie),Samford University,"$43,100.00","$82,600.00"
272 (tie),St. Olaf College,"$45,200.00","$82,600.00"
272 (tie),Thomas Edison State College,"$47,500.00","$82,600.00"
272 (tie),University at Buffalo (UB),"$47,600.00","$82,600.00"
279 (tie),Alma College,"$42,200.00","$82,500.00"
279 (tie),Rhode Island School of Design (RISD),"$48,500.00","$82,500.00"
279 (tie),Siena College,"$46,800.00","$82,500.00"
279 (tie),The University of Texas (UT) - Health Science Center at San Antonio,"$52,700.00","$82,500.00"
283 (tie),Iowa State University,"$51,200.00","$82,400.00"
283 (tie),Loma Linda University,"$68,500.00","$82,400.00"
283 (tie),Ohio State University (OSU) - Main Campus,"$51,600.00","$82,400.00"
283 (tie),Utah State University - Main Campus,"$48,200.00","$82,400.00"
287 (tie),Adelphi University,"$46,400.00","$82,300.00"
287 (tie),University of Kansas,"$46,900.00","$82,300.00"
289 (tie),Ohio Wesleyan University (OWU),"$41,600.00","$82,200.00"
289 (tie),Ramapo College of New Jersey,"$42,700.00","$82,200.00"
291,University of Scranton,"$47,300.00","$82,100.00"
292 (tie),Duquesne University,"$47,100.00","$82,000.00"
292 (tie),Kansas State University (KSU),"$48,300.00","$82,000.00"
292 (tie),"Monmouth University - West Long Branch, NJ","$47,100.00","$82,000.00"
295 (tie),California State University - Fullerton (CSUF),"$43,400.00","$81,900.00"
295 (tie),Quinnipiac University,"$49,400.00","$81,900.00"
297,Indiana University (IU) - Bloomington,"$47,700.00","$81,800.00"
298 (tie),Bloomsburg University of Pennsylvania,"$44,500.00","$81,700.00"
298 (tie),"Cornell College - Mount Vernon, IA","$41,100.00","$81,700.00"
298 (tie),Lamar University,"$49,800.00","$81,700.00"
298 (tie),Smith College,"$41,600.00","$81,700.00"
298 (tie),University of North Dakota,"$48,400.00","$81,700.00"
298 (tie),Western Washington University,"$47,900.00","$81,700.00"
304 (tie),Arizona State University (ASU),"$49,300.00","$81,600.00"
304 (tie),"Saint Joseph's University (SJU) - Philadelphia, PA","$48,800.00","$81,600.00"
304 (tie),University of San Diego (USD),"$51,800.00","$81,600.00"
307 (tie),Humboldt State University,"$41,400.00","$81,500.00"
307 (tie),New Mexico State University - Main Campus,"$46,500.00","$81,500.00"
307 (tie),University of Cincinnati (UC),"$48,900.00","$81,500.00"
310 (tie),Pacific Lutheran University,"$44,500.00","$81,400.00"
310 (tie),Tennessee Technological University (TTU),"$53,800.00","$81,400.00"
312 (tie),Art Center College of Design,"$62,300.00","$81,300.00"
312 (tie),Thomas Jefferson University,"$58,900.00","$81,300.00"
314,Excelsior College,"$52,500.00","$81,200.00"
315 (tie),Catholic University of America,"$52,000.00","$81,100.00"
315 (tie),University of Richmond,"$52,200.00","$81,100.00"
317 (tie),Southwestern University,"$50,000.00","$81,000.00"
317 (tie),University of New England (UNE),"$48,700.00","$81,000.00"
317 (tie),Western New England College,"$54,300.00","$81,000.00"
320,University of Nebraska - Lincoln,"$44,600.00","$80,900.00"
321 (tie),Alfred University,"$48,600.00","$80,800.00"
321 (tie),Elizabethtown College,"$41,500.00","$80,800.00"
321 (tie),University of Iowa (UI),"$48,600.00","$80,800.00"
324,LeTourneau University,"$55,900.00","$80,700.00"
325,Rutgers University - Newark Campus,"$50,200.00","$80,600.00"
326,Hamline University,"$44,300.00","$80,500.00"
327 (tie),Bellarmine University,"$45,200.00","$80,400.00"
327 (tie),Biola University,"$43,000.00","$80,400.00"
327 (tie),Merrimack College,"$51,400.00","$80,400.00"
327 (tie),West Virginia University (WVU) - Main Campus,"$48,500.00","$80,400.00"
331 (tie),University of Maryland - Eastern Shore Campus,"$39,200.00","$80,300.00"
331 (tie),University of Tennessee,"$46,500.00","$80,300.00"
333,CUNY - Brooklyn College,"$43,100.00","$80,200.00"
334,Morehouse College,"$50,000.00","$80,100.00"
335,The College of New Jersey (TCNJ),"$51,100.00","$80,000.00"
336 (tie),Emerson College,"$43,100.00","$79,800.00"
336 (tie),"Touro College - New York, NY","$50,200.00","$79,800.00"
338 (tie),Susquehanna University,"$42,900.00","$79,700.00"
338 (tie),University of Alaska - Anchorage Campus,"$52,400.00","$79,700.00"
340,"Dickinson College - Carlisle, PA","$45,500.00","$79,600.00"
341 (tie),CUNY - City College,"$51,300.00","$79,500.00"
341 (tie),Minnesota State University - Mankato Campus,"$45,600.00","$79,500.00"
341 (tie),University of Maine at Orono,"$50,600.00","$79,500.00"
344 (tie),Houston Baptist University,"$49,200.00","$79,400.00"
344 (tie),University of Wyoming (UW),"$48,500.00","$79,400.00"
346 (tie),"Trine University - Angola, IN","$54,600.00","$79,200.00"
346 (tie),University of Detroit Mercy (UDM),"$50,300.00","$79,200.00"
348 (tie),University of Texas at Dallas,"$51,100.00","$79,100.00"
348 (tie),University of Wisconsin (UW) - Platteville Campus,"$55,500.00","$79,100.00"
350 (tie),North Dakota State University (NDSU),"$49,500.00","$79,000.00"
350 (tie),Prairie View A & M University,"$52,100.00","$79,000.00"
352,University of Minnesota - Duluth Campus,"$48,900.00","$78,900.00"
353,"Oakland University - Rochester Hills, MI","$47,300.00","$78,700.00"
354,University of Massachusetts (UMass) - Boston Campus,"$46,600.00","$78,600.00"
355 (tie),Central College,"$43,300.00","$78,500.00"
355 (tie),Marist College,"$48,100.00","$78,500.00"
357 (tie),"Lake Superior State University - Sault Ste Marie, MI","$39,900.00","$78,400.00"
357 (tie),Suffolk University,"$45,700.00","$78,400.00"
359 (tie),Canisius College,"$39,800.00","$78,300.00"
359 (tie),SUNY - Institute of Technology (SUNYIT),"$45,700.00","$78,300.00"
361 (tie),Framingham State University,"$43,400.00","$78,100.00"
361 (tie),"Marymount University - Arlington, VA","$46,000.00","$78,100.00"
361 (tie),Stephen F. Austin State University (SFA),"$40,700.00","$78,100.00"
361 (tie),Worcester State University,"$44,700.00","$78,100.00"
365 (tie),Dowling College,"$44,400.00","$78,000.00"
365 (tie),University of Miami (UM) - Florida,"$50,600.00","$78,000.00"
367,SUNY - College of Environmental Science and Forestry (SUNY-ESF),"$46,200.00","$77,900.00"
368 (tie),Daemen College,"$38,200.00","$77,800.00"
368 (tie),Hartwick College,"$46,300.00","$77,800.00"
370 (tie),Creighton University,"$44,800.00","$77,700.00"
370 (tie),Mississippi State University (MSU),"$45,200.00","$77,700.00"
370 (tie),Temple University,"$45,600.00","$77,700.00"
370 (tie),Western Connecticut State University,"$42,900.00","$77,700.00"
374 (tie),Le Moyne College,"$38,200.00","$77,600.00"
374 (tie),University of Louisiana - Monroe Campus,"$45,000.00","$77,600.00"
376 (tie),"Allegheny College - Meadville, PA","$39,700.00","$77,500.00"
376 (tie),"Carroll College - Helena, MT","$45,200.00","$77,500.00"
376 (tie),Eastern Illinois University,"$42,500.00","$77,500.00"
376 (tie),Southern Illinois University (SIU) - Carbondale Campus,"$44,600.00","$77,500.00"
380 (tie),"Loyola University - Chicago, IL","$45,600.00","$77,400.00"
380 (tie),Ohio University - Main Campus,"$45,800.00","$77,400.00"
382,University of Akron - Main Campus,"$46,600.00","$77,300.00"
383 (tie),Christian Brothers University,"$47,800.00","$77,200.00"
383 (tie),National University,"$50,900.00","$77,200.00"
383 (tie),North Carolina A&T State University,"$50,500.00","$77,200.00"
383 (tie),Texas Christian University (TCU),"$47,800.00","$77,200.00"
383 (tie),University of Alabama - Main Campus,"$45,200.00","$77,200.00"
383 (tie),Valparaiso University,"$46,300.00","$77,200.00"
389 (tie),Cleveland State University,"$45,200.00","$77,100.00"
389 (tie),University of Bridgeport (UB),"$41,600.00","$77,100.00"
389 (tie),Western Michigan University (WMU),"$45,700.00","$77,100.00"
392 (tie),Gannon University,"$42,900.00","$77,000.00"
392 (tie),"Northwood University - Midland, MI","$43,300.00","$77,000.00"
392 (tie),University of South Florida - Main Campus,"$45,000.00","$77,000.00"
395 (tie),The College of Wooster,"$38,600.00","$76,900.00"
395 (tie),University of Hawaii at Manoa,"$44,500.00","$76,900.00"
395 (tie),University of Oregon,"$44,100.00","$76,900.00"
398 (tie),"Assumption College - Worcester, MA","$51,200.00","$76,800.00"
398 (tie),Curry College,"$49,800.00","$76,800.00"
398 (tie),Oglethorpe University,"$41,300.00","$76,800.00"
398 (tie),Texas A&M University - Kingsville Campus,"$48,700.00","$76,800.00"
402 (tie),"Augustana College - Sioux Falls, SD","$41,500.00","$76,700.00"
402 (tie),Hawaii Pacific University,"$43,800.00","$76,700.00"
404 (tie),Rider University,"$46,100.00","$76,600.00"
404 (tie),University of Mary Washington,"$46,200.00","$76,600.00"
404 (tie),University of North Texas (UNT),"$45,900.00","$76,600.00"
407 (tie),Central Washington University (CWU),"$45,800.00","$76,500.00"
407 (tie),University of Toledo,"$49,200.00","$76,500.00"
409 (tie),Cabrini College,"$39,700.00","$76,400.00"
409 (tie),Niagara University,"$40,000.00","$76,400.00"
409 (tie),Northern Illinois University (NIU),"$48,600.00","$76,400.00"
409 (tie),Saint Francis University,"$44,300.00","$76,400.00"
413 (tie),City University of Seattle,"$45,100.00","$76,300.00"
413 (tie),Florida State University (FSU),"$43,100.00","$76,300.00"
413 (tie),Wilkes University,"$45,300.00","$76,300.00"
416 (tie),Illinois State University,"$43,700.00","$76,200.00"
416 (tie),University of Arkansas - Main Campus,"$48,600.00","$76,200.00"
416 (tie),University of Houston Downtown (UHD),"$47,000.00","$76,200.00"
419 (tie),Stevenson University,"$44,300.00","$76,100.00"
419 (tie),Thomas More College,"$38,800.00","$76,100.00"
419 (tie),"Westminster College - Salt Lake City, UT","$43,900.00","$76,100.00"
419 (tie),Woodbury University,"$45,200.00","$76,100.00"
423 (tie),Point Loma Nazarene University,"$44,400.00","$76,000.00"
423 (tie),University of Nevada - Las Vegas (UNLV),"$44,400.00","$76,000.00"
425 (tie),Drew University,"$47,000.00","$75,900.00"
425 (tie),Illinois Wesleyan University (IWU),"$49,500.00","$75,900.00"
425 (tie),Manhattanville College,"$46,500.00","$75,900.00"
428 (tie),Chapman University,"$47,200.00","$75,700.00"
428 (tie),Coe College,"$44,100.00","$75,700.00"
428 (tie),SUNY - College at Potsdam,"$35,600.00","$75,700.00"
428 (tie),South Carolina State University,"$37,500.00","$75,700.00"
428 (tie),University of North Carolina at Charlotte (UNCC),"$48,000.00","$75,700.00"
428 (tie),University of Wisconsin (UWEC) - Eau Claire,"$46,000.00","$75,700.00"
434 (tie),Eastern University,"$39,700.00","$75,600.00"
434 (tie),Misericordia University,"$43,000.00","$75,600.00"
434 (tie),South Dakota State University (SDSU),"$43,500.00","$75,600.00"
434 (tie),"Wayne State University - Detroit, MI","$46,500.00","$75,600.00"
438 (tie),Knox College,"$43,000.00","$75,500.00"
438 (tie),Texas Woman's University,"$44,100.00","$75,500.00"
438 (tie),University of Missouri - Kansas City (UMKC),"$45,800.00","$75,500.00"
441 (tie),Abilene Christian University,"$42,000.00","$75,400.00"
441 (tie),Azusa Pacific University,"$41,400.00","$75,400.00"
441 (tie),St. Lawrence University,"$51,000.00","$75,400.00"
444,California State University - Fresno (Fresno State),"$45,100.00","$75,300.00"
445 (tie),Lewis University,"$44,700.00","$75,200.00"
445 (tie),Northern Arizona University (NAU),"$44,400.00","$75,200.00"
445 (tie),Pittsburg State University,"$42,000.00","$75,200.00"
445 (tie),Purdue University - Calumet Campus,"$43,200.00","$75,200.00"
445 (tie),University of Pittsburgh - Johnstown Campus,"$45,500.00","$75,200.00"
450 (tie),Hope College,"$41,400.00","$75,100.00"
450 (tie),Walsh University - Ohio,"$40,200.00","$75,100.00"
452 (tie),Augsburg College,"$45,200.00","$75,000.00"
452 (tie),Texas A&M University - Corpus Christi Campus,"$42,700.00","$75,000.00"
454 (tie),Arkansas State University (ASU),"$41,100.00","$74,900.00"
454 (tie),Bloomfield College,"$40,800.00","$74,900.00"
454 (tie),California State University - San Bernardino (CSUSB),"$40,700.00","$74,900.00"
454 (tie),Lynchburg College,"$41,900.00","$74,900.00"
454 (tie),Notre Dame de Namur University (NDNU),"$47,900.00","$74,900.00"
454 (tie),"Sacred Heart University - Fairfield, CT","$50,500.00","$74,900.00"
454 (tie),University of Findlay,"$48,800.00","$74,900.00"
454 (tie),University of Nebraska at Omaha,"$42,500.00","$74,900.00"
454 (tie),University of New Orleans (UNO),"$47,700.00","$74,900.00"
463 (tie),Berklee College of Music,"$38,500.00","$74,800.00"
463 (tie),Embry-Riddle Aeronautical University (ERAU) Worldwide,"$56,500.00","$74,800.00"
463 (tie),Florida International University (FIU),"$42,900.00","$74,800.00"
466 (tie),McKendree University,"$44,400.00","$74,700.00"
466 (tie),Midwestern State University (MSU),"$47,400.00","$74,700.00"
466 (tie),Saint Louis University (SLU),"$46,800.00","$74,700.00"
466 (tie),University of Colorado at Colorado Springs,"$46,400.00","$74,700.00"
466 (tie),University of Texas at El Paso (UTEP),"$40,600.00","$74,700.00"
471 (tie),National Louis University,"$44,100.00","$74,600.00"
471 (tie),Old Dominion University,"$45,200.00","$74,600.00"
471 (tie),Xavier University,"$46,100.00","$74,600.00"
474 (tie),SUNY - Purchase College,"$43,200.00","$74,500.00"
474 (tie),Southwestern Oklahoma State University,"$39,200.00","$74,500.00"
474 (tie),Texas State University - San Marcos Campus,"$45,400.00","$74,500.00"
474 (tie),Towson University,"$44,500.00","$74,500.00"
474 (tie),Western Governors University (WGU),"$51,600.00","$74,500.00"
479 (tie),Linfield College,"$44,400.00","$74,400.00"
479 (tie),Moravian College and Moravian Theological Seminary,"$48,700.00","$74,400.00"
479 (tie),"Regis University - Denver, CO","$51,800.00","$74,400.00"
479 (tie),Wichita State University,"$44,000.00","$74,400.00"
483 (tie),Hampton University,"$42,800.00","$74,300.00"
483 (tie),Truman State University,"$39,700.00","$74,300.00"
483 (tie),University of Wisconsin (UW) - La Crosse Campus,"$42,700.00","$74,300.00"
486 (tie),"Augustana College - Rock Island, IL","$39,900.00","$74,200.00"
486 (tie),Birmingham Southern College,"$40,200.00","$74,200.00"
486 (tie),University of Northern Colorado,"$41,500.00","$74,200.00"
489 (tie),Albright College,"$47,900.00","$74,100.00"
489 (tie),Portland State University (PSU),"$45,400.00","$74,100.00"
489 (tie),"St. John Fisher College - Rochester, NY","$40,000.00","$74,100.00"
492 (tie),Calvin College,"$43,600.00","$74,000.00"
492 (tie),Central Connecticut State University,"$48,000.00","$74,000.00"
492 (tie),Kennesaw State University,"$43,800.00","$74,000.00"
492 (tie),Muhlenberg College,"$48,900.00","$74,000.00"
492 (tie),St. Xavier University,"$43,400.00","$74,000.00"
492 (tie),University of Nevada - Reno (UNR),"$47,400.00","$74,000.00"
498 (tie),CUNY - Hunter College,"$45,700.00","$73,900.00"
498 (tie),"Cameron University - Lawton, OK","$39,800.00","$73,900.00"
498 (tie),Indiana Institute Of Technology,"$43,900.00","$73,900.00"
498 (tie),Shepherd University,"$41,300.00","$73,900.00"
498 (tie),University of Mississippi,"$42,400.00","$73,900.00"
498 (tie),University of South Carolina - Main Campus,"$44,900.00","$73,900.00"
504 (tie),Baker University,"$41,100.00","$73,800.00"
504 (tie),"Bowling Green State University - Bowling Green, OH","$41,400.00","$73,800.00"
504 (tie),Holy Family University,"$40,800.00","$73,800.00"
507,Oklahoma Wesleyan University (OWU),"$41,000.00","$73,700.00"
508 (tie),California State University - Los Angeles (CSULA),"$42,200.00","$73,600.00"
508 (tie),University of Louisville,"$44,100.00","$73,600.00"
508 (tie),"York College - York, PA","$48,800.00","$73,600.00"
511,William Paterson University,"$41,200.00","$73,500.00"
512 (tie),Beloit College,"$38,200.00","$73,400.00"
512 (tie),University of South Dakota,"$40,800.00","$73,400.00"
512 (tie),University of St. Francis,"$43,500.00","$73,400.00"
515,University of Texas at San Antonio (UTSA),"$46,100.00","$73,300.00"
516,University of Louisiana (UL) at Lafayette,"$45,500.00","$73,200.00"
517 (tie),CUNY - John Jay College Criminal Justice,"$38,300.00","$73,100.00"
517 (tie),California State University - San Marcos (CSUSM),"$45,900.00","$73,100.00"
517 (tie),Campbell University,"$42,500.00","$73,100.00"
517 (tie),Keene State College,"$45,100.00","$73,100.00"
517 (tie),Molloy College,"$56,100.00","$73,100.00"
517 (tie),"Mount Saint Mary College - Newburgh, NY","$50,500.00","$73,100.00"
517 (tie),Saint Cloud State University,"$46,000.00","$73,100.00"
517 (tie),University of New Haven,"$46,200.00","$73,100.00"
517 (tie),University of Tampa,"$40,700.00","$73,100.00"
526 (tie),Ferris State University,"$47,700.00","$73,000.00"
526 (tie),Grand View University (GVU),"$36,700.00","$73,000.00"
526 (tie),Philadelphia University,"$45,100.00","$73,000.00"
526 (tie),SUNY - College at Old Westbury,"$39,800.00","$73,000.00"
526 (tie),Utica College,"$47,600.00","$73,000.00"
526 (tie),William Jewell College,"$44,400.00","$73,000.00"
532,Franklin Pierce University,"$40,200.00","$72,900.00"
533 (tie),Fitchburg State College,"$39,300.00","$72,800.00"
533 (tie),University of South Carolina - Upstate Campus,"$41,500.00","$72,800.00"
535 (tie),Frostburg State University,"$41,000.00","$72,700.00"
535 (tie),Gwynedd-Mercy University,"$45,600.00","$72,700.00"
535 (tie),University of La Verne,"$44,400.00","$72,700.00"
538 (tie),Central State University,"$39,700.00","$72,600.00"
538 (tie),Eastern New Mexico University - Main Campus,"$39,800.00","$72,600.00"
538 (tie),Elmhurst College,"$44,400.00","$72,600.00"
538 (tie),Lipscomb University,"$42,000.00","$72,600.00"
538 (tie),Shippensburg University of Pennsylvania,"$43,000.00","$72,600.00"
543 (tie),Indiana University-Purdue University - Indianapolis (IUPUI),"$44,500.00","$72,500.00"
543 (tie),"Marian University - Fond Du Lac, WI","$41,100.00","$72,500.00"
543 (tie),Olivet Nazarene University,"$45,300.00","$72,500.00"
543 (tie),Webster University,"$39,800.00","$72,500.00"
547 (tie),California State University - Bakersfield (CSUB),"$41,600.00","$72,400.00"
547 (tie),Elon University,"$45,900.00","$72,400.00"
547 (tie),Indiana State University,"$44,400.00","$72,400.00"
547 (tie),Muskingum University,"$35,300.00","$72,400.00"
547 (tie),Rowan University,"$47,100.00","$72,400.00"
547 (tie),SUNY - College at Plattsburgh,"$39,000.00","$72,400.00"
553 (tie),Northeastern Illinois University,"$40,400.00","$72,300.00"
553 (tie),Texas A&M University - Commerce Campus,"$42,100.00","$72,300.00"
555 (tie),The Richard Stockton College of New Jersey,"$41,700.00","$72,200.00"
555 (tie),University of Northern Iowa,"$42,900.00","$72,200.00"
555 (tie),West Texas A & M University,"$46,700.00","$72,200.00"
558 (tie),Baldwin-Wallace College,"$41,800.00","$72,100.00"
558 (tie),Eckerd College,"$43,400.00","$72,100.00"
558 (tie),Otterbein College,"$44,300.00","$72,100.00"
558 (tie),Radford University,"$41,400.00","$72,100.00"
562 (tie),Clarion University of Pennsylvania,"$37,300.00","$72,000.00"
562 (tie),University of Wisconsin (UW) - Stout Campus,"$47,600.00","$72,000.00"
564 (tie),Indiana University of Pennsylvania (IUP),"$42,000.00","$71,900.00"
564 (tie),"Loyola University - New Orleans, LA","$40,800.00","$71,900.00"
564 (tie),"Southwestern College - Winfield, KS","$42,300.00","$71,900.00"
564 (tie),Washington & Jefferson College,"$44,600.00","$71,900.00"
568 (tie),College of Mount St. Joseph,"$40,200.00","$71,800.00"
568 (tie),Jacksonville University,"$49,100.00","$71,800.00"
568 (tie),SUNY - College at Oneonta,"$42,100.00","$71,800.00"
568 (tie),Salem State University,"$41,800.00","$71,800.00"
568 (tie),University of Wisconsin (UWM) - Milwaukee,"$45,600.00","$71,800.00"
568 (tie),University of Wisconsin (UWW) - Whitewater,"$43,100.00","$71,800.00"
568 (tie),Weber State University,"$52,000.00","$71,800.00"
575 (tie),Benedictine University,"$45,500.00","$71,600.00"
575 (tie),Kean University,"$42,400.00","$71,600.00"
575 (tie),Minnesota State University - Moorhead Campus,"$41,100.00","$71,600.00"
575 (tie),Simmons College,"$50,200.00","$71,600.00"
575 (tie),Xavier University of Louisiana,"$35,000.00","$71,600.00"
575 (tie),Youngstown State University (YSU),"$44,300.00","$71,600.00"
581 (tie),Cleary University,"$44,800.00","$71,500.00"
581 (tie),Edgewood College,"$44,000.00","$71,500.00"
581 (tie),Oklahoma City University,"$47,300.00","$71,500.00"
581 (tie),University of Alabama - Birmingham Campus,"$45,300.00","$71,500.00"
585,California University of Pennsylvania (Cal U),"$40,400.00","$71,400.00"
586 (tie),American International College,"$52,400.00","$71,300.00"
586 (tie),DeSales University,"$45,600.00","$71,300.00"
586 (tie),Messiah College,"$46,000.00","$71,300.00"
586 (tie),North Georgia College and State University,"$39,500.00","$71,300.00"
590 (tie),Florida Atlantic University (FAU),"$45,100.00","$71,200.00"
590 (tie),Longwood University,"$39,700.00","$71,200.00"
590 (tie),"Robert Morris University (RMU) - Moon Township, PA","$44,600.00","$71,200.00"
593 (tie),Ball State University (BSU),"$39,800.00","$71,100.00"
593 (tie),"Emmanuel College - Boston, MA","$44,900.00","$71,100.00"
595 (tie),Dallas Baptist University,"$46,200.00","$71,000.00"
595 (tie),Massachusetts College of Art and Design,"$44,200.00","$71,000.00"
595 (tie),McNeese State University,"$44,600.00","$71,000.00"
595 (tie),Mount Mercy University,"$43,400.00","$71,000.00"
595 (tie),University of Maryland - Baltimore Campus,"$59,000.00","$71,000.00"
600 (tie),Belmont University,"$40,800.00","$70,900.00"
600 (tie),Brigham Young University (BYU) - Idaho Campus,"$49,200.00","$70,900.00"
600 (tie),Fort Lewis College,"$42,100.00","$70,900.00"
600 (tie),Harding University,"$42,200.00","$70,900.00"
600 (tie),University of Montana,"$40,000.00","$70,900.00"
600 (tie),Winona State University,"$43,700.00","$70,900.00"
606,University of West Georgia,"$43,900.00","$70,800.00"
607 (tie),Carthage College,"$44,000.00","$70,700.00"
607 (tie),Salisbury University,"$44,800.00","$70,700.00"
607 (tie),University of Central Florida (UCF),"$43,500.00","$70,700.00"
610 (tie),Florida Agricultural and Mechanical (A&M) University (FAMU),"$42,400.00","$70,600.00"
610 (tie),University of Mount Union,"$40,100.00","$70,600.00"
610 (tie),Western Illinois University,"$41,500.00","$70,600.00"
613 (tie),Nichols College,"$44,300.00","$70,500.00"
613 (tie),Northern Kentucky University (NKU),"$43,300.00","$70,500.00"
613 (tie),West Chester University,"$41,900.00","$70,500.00"
616 (tie),College for Creative Studies,"$47,900.00","$70,400.00"
616 (tie),Eastern Connecticut State University,"$44,200.00","$70,400.00"
616 (tie),Georgia State University,"$45,700.00","$70,400.00"
616 (tie),Nova Southeastern University,"$44,500.00","$70,400.00"
616 (tie),Wright State University - Main Campus,"$45,300.00","$70,400.00"
621 (tie),Rivier College,"$48,500.00","$70,300.00"
621 (tie),Saginaw Valley State University (SVSU),"$42,700.00","$70,300.00"
621 (tie),University of Mary Hardin-Baylor (UMHB),"$44,500.00","$70,300.00"
621 (tie),University of Missouri - St. Louis Campus,"$44,100.00","$70,300.00"
625 (tie),Idaho State University (ISU),"$45,200.00","$70,200.00"
625 (tie),SUNY - College at Oswego,"$38,900.00","$70,200.00"
625 (tie),Shawnee State University,"$43,700.00","$70,200.00"
625 (tie),Utah Valley University,"$44,600.00","$70,200.00"
629 (tie),Appalachian State University,"$41,300.00","$70,100.00"
629 (tie),Eastern Michigan University,"$41,800.00","$70,100.00"
631 (tie),"Bethel University - Saint Paul, MN","$44,400.00","$70,000.00"
631 (tie),Hiram College,"$40,000.00","$70,000.00"
631 (tie),Missouri State University (MSU),"$40,300.00","$70,000.00"
631 (tie),University of Baltimore,"$48,300.00","$70,000.00"
631 (tie),University of Texas at Tyler,"$47,600.00","$70,000.00"
636 (tie),Eastern Kentucky University,"$40,000.00","$69,900.00"
636 (tie),Husson University,"$42,200.00","$69,900.00"
636 (tie),Metropolitan State University,"$44,200.00","$69,900.00"
636 (tie),Metropolitan State University of Denver,"$44,300.00","$69,900.00"
636 (tie),Rollins College,"$44,500.00","$69,900.00"
636 (tie),"St. Joseph's College (SJC) - Brooklyn, NY","$36,800.00","$69,900.00"
642 (tie),East Carolina University (ECU),"$43,100.00","$69,800.00"
642 (tie),Sam Houston State University,"$42,600.00","$69,800.00"
642 (tie),"University of St. Thomas - Houston, TX","$44,900.00","$69,800.00"
642 (tie),Virginia Commonwealth University (VCU),"$44,600.00","$69,800.00"
646 (tie),California State University - Dominguez Hills (CSUDH),"$43,600.00","$69,700.00"
646 (tie),Florida Southern College,"$40,300.00","$69,700.00"
646 (tie),Franciscan University of Steubenville,"$45,500.00","$69,700.00"
646 (tie),Park University,"$43,400.00","$69,700.00"
650 (tie),Central Michigan University,"$41,800.00","$69,500.00"
650 (tie),University of Wisconsin (UW) - River Falls Campus,"$41,900.00","$69,500.00"
652 (tie),Angelo State University,"$43,800.00","$69,400.00"
652 (tie),Hood College,"$39,900.00","$69,400.00"
652 (tie),Tarleton State University (TSU),"$41,800.00","$69,400.00"
655 (tie),Austin Peay State University,"$39,200.00","$69,300.00"
655 (tie),Point Park University,"$39,200.00","$69,300.00"
657 (tie),Capital University,"$42,100.00","$69,200.00"
657 (tie),"Doane College - Lincoln, NE","$41,100.00","$69,200.00"
657 (tie),Rhode Island College,"$42,100.00","$69,200.00"
657 (tie),University of Central Missouri,"$42,300.00","$69,200.00"
657 (tie),University of Indianapolis,"$42,800.00","$69,200.00"
657 (tie),Winston-Salem State University,"$43,300.00","$69,200.00"
663 (tie),Berry College,"$37,200.00","$69,100.00"
663 (tie),Eastern Washington University,"$47,100.00","$69,100.00"
663 (tie),School of the Art Institute of Chicago,"$39,700.00","$69,100.00"
666,Boise State University (BSU),"$42,200.00","$69,000.00"
667 (tie),High Point University,"$42,400.00","$68,900.00"
667 (tie),Langston University,"$40,500.00","$68,900.00"
667 (tie),University of North Florida (UNF),"$42,600.00","$68,900.00"
670 (tie),John Brown University,"$38,900.00","$68,800.00"
670 (tie),Saint Mary's University of Minnesota,"$46,100.00","$68,800.00"
672,Nicholls State University,"$37,900.00","$68,700.00"
673 (tie),Northwest Nazarene University,"$36,500.00","$68,600.00"
673 (tie),Nyack College,"$36,600.00","$68,600.00"
673 (tie),University of Illinois at Springfield,"$43,000.00","$68,600.00"
676 (tie),Indiana University-Purdue University - Fort Wayne (IPFW),"$41,800.00","$68,500.00"
676 (tie),Troy University,"$38,600.00","$68,500.00"
678 (tie),"Bellevue University - Bellevue, NE","$44,800.00","$68,400.00"
678 (tie),Savannah College of Art and Design (SCAD),"$41,000.00","$68,400.00"
678 (tie),Slippery Rock University,"$40,200.00","$68,400.00"
678 (tie),Texas Wesleyan University,"$34,900.00","$68,400.00"
682 (tie),Aurora University,"$41,700.00","$68,300.00"
682 (tie),Tuskegee University,"$53,300.00","$68,300.00"
682 (tie),University of Tennessee at Chattanooga (UTC),"$40,900.00","$68,300.00"
682 (tie),University of Wisconsin (UWP) - Parkside,"$43,000.00","$68,300.00"
686,Georgia Southern University,"$45,500.00","$68,200.00"
687 (tie),George Fox University,"$49,700.00","$68,100.00"
687 (tie),Immaculata University,"$46,300.00","$68,100.00"
687 (tie),Oral Roberts University (ORU),"$40,100.00","$68,100.00"
687 (tie),SUNY - Empire State College,"$41,600.00","$68,100.00"
691 (tie),Carlow University,"$37,700.00","$68,000.00"
691 (tie),Roger Williams University,"$49,600.00","$68,000.00"
693 (tie),Belmont Abbey College,"$43,500.00","$67,900.00"
693 (tie),Saint Leo University,"$39,400.00","$67,900.00"
693 (tie),"University of the Arts (UArts) - Philadelphia, PA","$42,400.00","$67,900.00"
696,Western State College of Colorado,"$45,800.00","$67,800.00"
697 (tie),"Carroll University - Waukesha, WI","$39,000.00","$67,700.00"
697 (tie),Southern New Hampshire University,"$44,900.00","$67,700.00"
699,University of North Carolina at Wilmington (UNCW),"$39,800.00","$67,600.00"
700 (tie),"East Central University - Ada, OK","$40,200.00","$67,500.00"
700 (tie),Pennsylvania College of Technology,"$50,200.00","$67,500.00"
700 (tie),St. Ambrose University,"$43,200.00","$67,500.00"
703 (tie),Colorado Christian University,"$44,400.00","$67,400.00"
703 (tie),Roosevelt University,"$40,800.00","$67,400.00"
703 (tie),Vanguard University of Southern California,"$42,000.00","$67,400.00"
706 (tie),Christopher Newport University,"$44,500.00","$67,300.00"
706 (tie),SUNY - New Paltz,"$40,400.00","$67,300.00"
706 (tie),Southern Utah University,"$40,400.00","$67,300.00"
709 (tie),Avila University,"$39,700.00","$67,200.00"
709 (tie),Marshall University,"$40,400.00","$67,200.00"
709 (tie),"Simpson College - Indianola, IA","$42,900.00","$67,200.00"
712 (tie),Jacksonville State University (JSU),"$40,300.00","$67,100.00"
712 (tie),Northwest Missouri State University,"$42,200.00","$67,100.00"
712 (tie),Southern Illinois University (SIU) - Edwardsville Campus,"$48,300.00","$67,100.00"
712 (tie),University of Memphis (U of M),"$44,500.00","$67,100.00"
716,Southeastern Oklahoma State University,"$42,400.00","$67,000.00"
717 (tie),Barry University,"$46,500.00","$66,900.00"
717 (tie),Millersville University of Pennsylvania,"$41,500.00","$66,900.00"
717 (tie),Stetson University,"$37,500.00","$66,900.00"
717 (tie),Wayland Baptist University,"$46,000.00","$66,900.00"
721 (tie),Alabama A&M University (AAMU),"$45,700.00","$66,800.00"
721 (tie),Northwestern State University,"$39,000.00","$66,800.00"
721 (tie),Western Kentucky University,"$41,200.00","$66,800.00"
724 (tie),Emporia State University,"$38,700.00","$66,700.00"
724 (tie),"Manchester College - North Manchester, IN","$47,600.00","$66,700.00"
724 (tie),"Saint Mary's College - Notre Dame, IN","$47,700.00","$66,700.00"
727 (tie),New Jersey City University,"$44,000.00","$66,600.00"
727 (tie),Southern Nazarene University,"$41,000.00","$66,600.00"
727 (tie),"Union University - Jackson, TN","$42,200.00","$66,600.00"
727 (tie),University of Nebraska Medical Center,"$50,600.00","$66,600.00"
731 (tie),Brenau University,"$43,100.00","$66,400.00"
731 (tie),Walsh College of Accountancy and Business Administration,"$48,400.00","$66,400.00"
731 (tie),Western Oregon University,"$38,600.00","$66,400.00"
734,Waynesburg University,"$44,500.00","$66,300.00"
735 (tie),Kent State University (KSU),"$41,000.00","$66,200.00"
735 (tie),St Petersburg College,"$44,100.00","$66,200.00"
735 (tie),University of Arkansas - Little Rock Campus,"$43,800.00","$66,200.00"
735 (tie),University of Central Oklahoma (UCO),"$41,600.00","$66,200.00"
739,Murray State University,"$40,200.00","$66,100.00"
740,Augusta State University,"$38,200.00","$66,000.00"
741 (tie),Athens State University,"$40,500.00","$65,900.00"
741 (tie),Texas Southern University,"$43,300.00","$65,900.00"
741 (tie),University of Wisconsin (UW) - Stevens Point Campus,"$41,700.00","$65,900.00"
744 (tie),Fort Hays State University (FHSU),"$40,900.00","$65,800.00"
744 (tie),Middle Tennessee State University (MTSU),"$42,100.00","$65,800.00"
746 (tie),Clayton State University,"$42,600.00","$65,700.00"
746 (tie),Evergreen State College,"$40,400.00","$65,700.00"
746 (tie),University of South Alabama,"$45,000.00","$65,700.00"
749 (tie),Clark Atlanta University (CAU),"$41,200.00","$65,600.00"
749 (tie),Mercy College,"$39,100.00","$65,600.00"
749 (tie),Trevecca Nazarene University,"$44,800.00","$65,600.00"
752 (tie),Franklin University,"$44,700.00","$65,400.00"
752 (tie),Governors State University,"$40,800.00","$65,400.00"
752 (tie),Mesa State College,"$42,600.00","$65,400.00"
755,Delaware Valley College,"$35,500.00","$65,100.00"
756 (tie),Andrews University,"$43,100.00","$65,000.00"
756 (tie),Bowie State University (BSU),"$46,000.00","$65,000.00"
756 (tie),University of Nebraska at Kearney,"$39,100.00","$65,000.00"
759 (tie),Charleston Southern University (CSU),"$35,200.00","$64,900.00"
759 (tie),Keuka College,"$37,400.00","$64,900.00"
759 (tie),Lock Haven University,"$37,300.00","$64,900.00"
759 (tie),Luther College,"$41,300.00","$64,900.00"
763 (tie),Grand Valley State University,"$41,500.00","$64,800.00"
763 (tie),West Virginia State University,"$32,200.00","$64,800.00"
765 (tie),Cedarville University,"$46,900.00","$64,700.00"
765 (tie),College of the Ozarks,"$37,500.00","$64,700.00"
765 (tie),"Columbia College - Columbia, MO","$39,500.00","$64,700.00"
765 (tie),East Stroudsburg University (ESU),"$39,500.00","$64,700.00"
765 (tie),University of West Florida (UWF),"$39,500.00","$64,700.00"
770 (tie),Moore College of Art and Design,"$36,100.00","$64,600.00"
770 (tie),Quincy University,"$40,800.00","$64,600.00"
770 (tie),University of Arkansas for Medical Sciences (UAMS),"$46,200.00","$64,600.00"
773 (tie),Granite State College,"$41,000.00","$64,500.00"
773 (tie),SUNY - College at Cortland,"$41,600.00","$64,500.00"
775 (tie),Mercer University,"$47,900.00","$64,400.00"
775 (tie),Salve Regina University,"$46,400.00","$64,400.00"
775 (tie),Valdosta State University (VSU),"$37,700.00","$64,400.00"
778 (tie),Armstrong Atlantic State University (AASU),"$44,100.00","$64,300.00"
778 (tie),Eastern Oregon University,"$36,000.00","$64,300.00"
778 (tie),Francis Marion University,"$37,500.00","$64,300.00"
778 (tie),"Johnson & Wales University (JWU) - Providence, RI","$43,500.00","$64,300.00"
782 (tie),Alverno College,"$41,900.00","$64,200.00"
782 (tie),Georgia College & State University (GCSU),"$41,800.00","$64,200.00"
784,University of Southern Indiana,"$39,300.00","$64,100.00"
785 (tie),East Tennessee State University (ETSU),"$40,100.00","$64,000.00"
785 (tie),Geneva College,"$43,700.00","$64,000.00"
787 (tie),"Mount Mary College - Milwaukee, WI","$38,900.00","$63,800.00"
787 (tie),Plymouth State University,"$41,900.00","$63,800.00"
787 (tie),The College of Saint Scholastica,"$49,500.00","$63,800.00"
787 (tie),University of Wisconsin (UW) - Oshkosh Campus,"$42,900.00","$63,800.00"
791 (tie),Indiana Wesleyan University (IWU),"$44,000.00","$63,700.00"
791 (tie),The Sage Colleges,"$38,600.00","$63,700.00"
793 (tie),Cedar Crest College,"$43,300.00","$63,600.00"
793 (tie),Centenary College,"$38,100.00","$63,600.00"
793 (tie),Southwest Minnesota State University (SMSU),"$39,000.00","$63,600.00"
793 (tie),Ursuline College,"$42,500.00","$63,600.00"
793 (tie),Westfield State University,"$43,800.00","$63,600.00"
798 (tie),Roberts Wesleyan College,"$44,400.00","$63,500.00"
798 (tie),Southern Oregon University,"$40,700.00","$63,500.00"
798 (tie),University of Southern Maine (USM),"$39,400.00","$63,500.00"
801 (tie),Colorado State University (CSU) - Pueblo Campus,"$44,400.00","$63,400.00"
801 (tie),Lander University,"$38,800.00","$63,400.00"
803 (tie),Arkansas Tech University,"$41,300.00","$63,300.00"
803 (tie),Bridgewater State College,"$41,700.00","$63,300.00"
803 (tie),"Clarke College - Dubuque, IA","$39,500.00","$63,300.00"
803 (tie),Missouri Western State University,"$40,100.00","$63,300.00"
807 (tie),"Columbia College - Chicago, IL","$41,900.00","$63,200.00"
807 (tie),Mount Olive College,"$36,400.00","$63,200.00"
807 (tie),Ripon College,"$42,400.00","$63,200.00"
810 (tie),"Baker College - Flint, MI","$44,900.00","$63,100.00"
810 (tie),Friends University,"$41,000.00","$63,100.00"
810 (tie),Southern Connecticut State University (SCSU),"$44,300.00","$63,100.00"
810 (tie),Viterbo University,"$39,200.00","$63,100.00"
810 (tie),Whitworth University,"$42,300.00","$63,100.00"
815 (tie),Georgia Southwestern State University,"$39,100.00","$63,000.00"
815 (tie),Missouri Southern State University (MSSU),"$41,900.00","$63,000.00"
817 (tie),Madonna University,"$42,600.00","$62,900.00"
817 (tie),Midamerica Nazarene University,"$42,200.00","$62,900.00"
819 (tie),Marymount Manhattan College,"$46,500.00","$62,800.00"
819 (tie),Washburn University,"$43,600.00","$62,800.00"
821,SUNY - College at Buffalo,"$38,300.00","$62,600.00"
822 (tie),Malone University,"$42,000.00","$62,500.00"
822 (tie),Morgan State University,"$46,500.00","$62,500.00"
824 (tie),Ashland University,"$40,900.00","$62,400.00"
824 (tie),Millikin University,"$42,500.00","$62,400.00"
824 (tie),University of The Incarnate Word,"$45,000.00","$62,400.00"
827 (tie),Auburn University - Montgomery,"$42,600.00","$62,300.00"
827 (tie),Coppin State University (CSU),"$37,200.00","$62,300.00"
829 (tie),California Baptist University,"$42,000.00","$62,200.00"
829 (tie),Coastal Carolina University,"$39,500.00","$62,200.00"
829 (tie),Indiana University (IU) - Kokomo,"$39,600.00","$62,200.00"
829 (tie),North Carolina Wesleyan College (NCWC),"$43,500.00","$62,200.00"
829 (tie),Spring Arbor University,"$35,700.00","$62,200.00"
829 (tie),University of Wisconsin (UW) - Green Bay Campus,"$38,200.00","$62,200.00"
835,SUNY - College at Brockport,"$43,500.00","$62,100.00"
836 (tie),College of Charleston,"$44,100.00","$62,000.00"
836 (tie),"Concordia College - Moorhead, MN","$40,400.00","$62,000.00"
836 (tie),"Concordia University - Mequon, WI","$43,300.00","$62,000.00"
836 (tie),Morehead State University (Kentucky),"$38,500.00","$62,000.00"
836 (tie),Mount Holyoke College,"$46,900.00","$62,000.00"
841,University of Southern Mississippi (USM),"$39,700.00","$61,900.00"
842,West Liberty University,"$38,800.00","$61,800.00"
843 (tie),Evangel University,"$35,800.00","$61,700.00"
843 (tie),Northeastern State University,"$41,100.00","$61,700.00"
845 (tie),CUNY - Lehman College,"$40,900.00","$61,600.00"
845 (tie),Northern Michigan University,"$38,900.00","$61,600.00"
847 (tie),Mount Vernon Nazarene University (MVNU),"$37,700.00","$61,500.00"
847 (tie),University of Central Arkansas,"$39,800.00","$61,500.00"
849 (tie),Henderson State University,"$39,900.00","$61,400.00"
849 (tie),Houghton College,"$36,600.00","$61,400.00"
849 (tie),"Marian University - Indianapolis, IN","$45,000.00","$61,400.00"
852 (tie),Columbus State University,"$40,500.00","$61,200.00"
852 (tie),North Park University,"$38,900.00","$61,200.00"
852 (tie),Southeastern Louisiana University,"$39,800.00","$61,200.00"
855 (tie),Southeast Missouri State University,"$37,700.00","$61,100.00"
855 (tie),Tennessee State University,"$43,600.00","$61,100.00"
855 (tie),Western Carolina University,"$39,200.00","$61,100.00"
858 (tie),Nebraska Wesleyan University (NWU),"$42,300.00","$61,000.00"
858 (tie),Our Lady of the Lake University (OLLU),"$39,800.00","$61,000.00"
860,Chadron State College,"$35,500.00","$60,800.00"
861 (tie),Buena Vista University,"$35,800.00","$60,700.00"
861 (tie),Wingate University,"$34,900.00","$60,700.00"
863 (tie),Cardinal Stritch University,"$49,200.00","$60,500.00"
863 (tie),Marywood University,"$38,200.00","$60,500.00"
863 (tie),University of Arkansas - Pine Bluff Campus,"$39,800.00","$60,500.00"
863 (tie),University of North Alabama (UNA),"$36,600.00","$60,500.00"
863 (tie),University of South Carolina - Aiken Campus,"$37,600.00","$60,500.00"
863 (tie),University of Texas - Pan American (UTPA),"$42,100.00","$60,500.00"
869 (tie),Lindenwood University,"$41,000.00","$60,400.00"
869 (tie),University of North Carolina at Greensboro (UNCG),"$40,100.00","$60,400.00"
871 (tie),Kutztown University of Pennsylvania,"$38,400.00","$60,300.00"
871 (tie),Upper Iowa University,"$40,400.00","$60,300.00"
873 (tie),Bridgewater College,"$36,000.00","$60,000.00"
873 (tie),Chicago State University (CSU),"$39,400.00","$60,000.00"
875 (tie),Barton College,"$37,000.00","$59,900.00"
875 (tie),Massachusetts College of Liberal Arts (MCLA),"$38,200.00","$59,900.00"
877,Montana State University - Billings Campus,"$39,900.00","$59,600.00"
878 (tie),Carson Newman College,"$45,500.00","$59,500.00"
878 (tie),Fairmont State University,"$39,200.00","$59,500.00"
878 (tie),"Lakeland College - Plymouth, WI","$43,600.00","$59,500.00"
878 (tie),Siena Heights University,"$40,000.00","$59,500.00"
878 (tie),University of Michigan - Flint Campus,"$42,900.00","$59,500.00"
883 (tie),Bemidji State University (BSU),"$41,100.00","$59,400.00"
883 (tie),Guilford College,"$36,500.00","$59,400.00"
883 (tie),Wilmington University,"$40,300.00","$59,400.00"
886,University of North Carolina at Asheville (UNCA),"$36,300.00","$59,300.00"
887 (tie),Hodges University,"$40,300.00","$59,200.00"
887 (tie),Indiana University (IU) - South Bend,"$36,700.00","$59,200.00"
887 (tie),Maryville University of Saint Louis,"$41,800.00","$59,200.00"
890 (tie),Mississippi College,"$39,600.00","$59,100.00"
890 (tie),Winthrop University,"$37,600.00","$59,100.00"
892,Mansfield University of Pennsylvania,"$39,800.00","$59,000.00"
893,Southeastern University,"$39,900.00","$58,900.00"
894,William Woods University,"$37,800.00","$58,800.00"
895 (tie),Bluffton University,"$37,400.00","$58,700.00"
895 (tie),Virginia State University (VSU),"$39,100.00","$58,700.00"
897,"Seton Hill University - Greensburg, PA","$41,500.00","$58,500.00"
898 (tie),Maryland Institute College of Art,"$40,700.00","$58,300.00"
898 (tie),Savannah State University (SSU),"$37,300.00","$58,300.00"
900,University of North Carolina at Pembroke (UNCP),"$37,000.00","$58,200.00"
901,The University of Tennessee at Martin (UT Martin),"$40,100.00","$58,100.00"
902,Meredith College,"$36,200.00","$58,000.00"
903,Alabama State University (ASU),"$34,800.00","$57,800.00"
904,College of New Rochelle,"$39,500.00","$57,700.00"
905,"Wilmington College - Wilmington, OH","$37,500.00","$57,600.00"
906,Southern Adventist University,"$43,600.00","$57,500.00"
907 (tie),Minot State University,"$42,300.00","$57,400.00"
907 (tie),"Robert Morris University (RMU) - Chicago, IL","$42,000.00","$57,400.00"
909 (tie),Liberty University,"$39,400.00","$57,200.00"
909 (tie),Lourdes College,"$41,600.00","$57,200.00"
911 (tie),Fayetteville State University,"$33,200.00","$57,100.00"
911 (tie),Florida Gulf Coast University,"$42,700.00","$57,100.00"
913,Morningside College,"$39,100.00","$57,000.00"
914,Delta State University,"$39,600.00","$56,800.00"
915,Gardner-Webb University,"$38,200.00","$56,700.00"
916,SUNY - Fredonia,"$39,100.00","$56,600.00"
917,University of Sioux Falls (USF),"$42,600.00","$56,500.00"
918 (tie),Faulkner University,"$39,100.00","$56,400.00"
918 (tie),University of Maine at Augusta (UMA),"$36,900.00","$56,400.00"
920 (tie),Davenport University,"$43,000.00","$56,200.00"
920 (tie),Norfolk State University,"$41,900.00","$56,200.00"
922,"Wayne State College - Wayne, NE","$40,300.00","$55,900.00"
923 (tie),Limestone College,"$37,300.00","$55,800.00"
923 (tie),Northern State University,"$39,500.00","$55,800.00"
925,Transylvania University,"$39,500.00","$55,700.00"
926 (tie),Johnson State College,"$33,400.00","$55,500.00"
926 (tie),Nazareth College of Rochester,"$38,000.00","$55,500.00"
926 (tie),Ohio Dominican University,"$42,200.00","$55,500.00"
929 (tie),Averett University,"$41,300.00","$55,400.00"
929 (tie),Jackson State University (JSU),"$40,000.00","$55,400.00"
929 (tie),"King College - Bristol, TN","$35,300.00","$55,400.00"
932 (tie),Columbus College of Art And Design,"$41,000.00","$55,300.00"
932 (tie),Palm Beach Atlantic University (PBAU),"$39,700.00","$55,300.00"
934,University of Montevallo,"$33,300.00","$55,200.00"
935,Fontbonne University,"$39,700.00","$55,000.00"
936 (tie),"Anderson University - Anderson, IN","$40,100.00","$54,900.00"
936 (tie),Fresno Pacific University,"$42,300.00","$54,900.00"
936 (tie),University of Maine at Farmington (UMF),"$39,900.00","$54,900.00"
939,La Roche College,"$39,400.00","$54,800.00"
940,Edinboro University of Pennsylvania,"$39,200.00","$54,500.00"
941 (tie),Grambling State University,"$40,700.00","$54,300.00"
941 (tie),North Carolina Central University,"$36,500.00","$54,300.00"
941 (tie),"Springfield College - Springfield, MA","$35,200.00","$54,300.00"
941 (tie),Tusculum College,"$36,000.00","$54,300.00"
945 (tie),Lesley University,"$41,000.00","$54,100.00"
945 (tie),Mercyhurst College,"$39,500.00","$54,100.00"
947,Chestnut Hill College,"$35,100.00","$53,800.00"
948,"Bethel College - Mishawaka, IN","$38,900.00","$53,700.00"
949,"Keiser University - Ft. Lauderdale, FL","$43,800.00","$53,200.00"
950 (tie),Drury University,"$38,900.00","$53,000.00"
950 (tie),Indiana University (IU) - New Albany,"$37,400.00","$53,000.00"
952,"Baker College - Muskegon, MI","$39,200.00","$52,800.00"
953,University of Texas (UT) at Brownsville,"$39,700.00","$52,500.00"
954,Endicott College,"$45,100.00","$52,000.00"
955,"Culinary Institute of America (CIA) - Hyde Park, NY","$36,500.00","$51,900.00"
956,Cornerstone University,"$37,900.00","$51,200.00"
957 (tie),Briar Cliff University,"$38,800.00","$50,600.00"
957 (tie),Mississippi University for Women,"$40,000.00","$50,600.00"
959,Medaille College,"$34,900.00","$50,400.00"
960,Miami Dade College (MDC),"$40,400.00","$49,000.00"
961,Lyndon State College,"$37,900.00","$48,500.00"
962,"Bethel University - McKenzie, TN","$35,500.00","$46,600.00"
963,Shaw University,"$36,200.00","$45,600.00"
